Product_Name,Price,Status
The Most Perfect Thing: Inside (and Outside) a Bird's Egg,42.96,Normal
Immunity: How Elie Metchnikoff Changed the Course of Modern Medicine,57.36,Normal
Sorting the Beef from the Bull: The Science of Food Fraud Forensics,44.74,Normal
Tipping Point for Planet Earth: How Close Are We to the Edge?,37.55,🚨 ALERT: Underpriced
"The Fabric of the Cosmos: Space, Time, and the Texture of Reality",55.91,Normal
Diary of a Citizen Scientist: Chasing Tiger Beetles and Other New Ways of Engaging the World,28.41,🚨 ALERT: Underpriced
The Origin of Species,10.01,🚨 ALERT: Underpriced
The Grand Design,13.76,🚨 ALERT: Underpriced
Peak: Secrets from the New Science of Expertise,16.28,🚨 ALERT: Underpriced
"The Elegant Universe: Superstrings, Hidden Dimensions, and the Quest for the Ultimate Theory",13.03,🚨 ALERT: Underpriced
"The Disappearing Spoon: And Other True Tales of Madness, Love, and the History of the World from the Periodic Table of the Elements",57.35,Normal
"Surely You're Joking, Mr. Feynman!: Adventures of a Curious Character",25.83,🚨 ALERT: Underpriced
Seven Brief Lessons on Physics,30.6,🚨 ALERT: Underpriced
The Selfish Gene,29.45,🚨 ALERT: Underpriced
